﻿{"cameraMode":{"drawMode":0,"name":"Shaded","section":"Shading Mode"},"sceneLighting":true,"audioPlay":false,"sceneViewState":{"showFog":true,"showMaterialUpdate":false,"showSkybox":true,"showFlares":true,"showImageEffects":true,"showParticleSystems":true},"in2DMode":false,"pivot":{"x":-0.5882977247238159,"y":-0.21971893310546876,"z":1.0698518753051758},"rotation":{"x":-0.28049996495246889,"y":0.023032840341329576,"z":-0.006733295042067766,"w":-0.9595540761947632},"size":22.0,"orthographic":false}